{
  "timestamp": "2025-11-15T13:30:45.551504",
  "overall": {
    "baseline": {
      "avg_return": 34.78545540392012,
      "avg_win_rate": 47.67808213112474,
      "avg_sharpe": 1.0516252938857964
    },
    "optimized": {
      "avg_return": 34.09801642840443,
      "avg_win_rate": 43.76261765607669,
      "avg_sharpe": 0.8542114814127634
    },
    "refined": {
      "avg_return": 34.09801642840443,
      "avg_win_rate": 43.76261765607669,
      "avg_sharpe": 0.8542114814127634
    }
  },
  "symbols": {
    "AAPL": {
      "baseline": {
        "return": 46.57963089001193,
        "win_rate": 49.56063268892794,
        "sharpe": 1.0746526702417394
      },
      "optimized": {
        "return": 57.5801009063546,
        "win_rate": 40.50822122571002,
        "sharpe": 0.9218877720462408
      },
      "refined": {
        "return": 57.5801009063546,
        "win_rate": 40.50822122571002,
        "sharpe": 0.9218877720462408
      },
      "improvements": {
        "optimized_vs_baseline": {
          "return": 11.000470016342675,
          "win_rate": -9.052411463217922,
          "sharpe": -0.15276489819549854
        },
        "refined_vs_optimized": {
          "return": 0.0,
          "win_rate": 0.0,
          "sharpe": 0.0
        },
        "refined_vs_baseline": {
          "return": 11.000470016342675,
          "win_rate": -9.052411463217922,
          "sharpe": -0.15276489819549854
        }
      }
    },
    "AMD": {
      "baseline": {
        "return": 41.0717378159618,
        "win_rate": 50.07949125596184,
        "sharpe": 1.1968948220752837
      },
      "optimized": {
        "return": 54.67345165136407,
        "win_rate": 46.38297872340426,
        "sharpe": 0.943634745514996
      },
      "refined": {
        "return": 54.67345165136407,
        "win_rate": 46.38297872340426,
        "sharpe": 0.943634745514996
      },
      "improvements": {
        "optimized_vs_baseline": {
          "return": 13.601713835402272,
          "win_rate": -3.696512532557584,
          "sharpe": -0.2532600765602877
        },
        "refined_vs_optimized": {
          "return": 0.0,
          "win_rate": 0.0,
          "sharpe": 0.0
        },
        "refined_vs_baseline": {
          "return": 13.601713835402272,
          "win_rate": -3.696512532557584,
          "sharpe": -0.2532600765602877
        }
      }
    },
    "AMZN": {
      "baseline": {
        "return": 10.927047323403153,
        "win_rate": 44.97153700189753,
        "sharpe": 1.036947724711121
      },
      "optimized": {
        "return": 58.96846789515307,
        "win_rate": 41.00946372239748,
        "sharpe": 0.9100620133467973
      },
      "refined": {
        "return": 58.96846789515307,
        "win_rate": 41.00946372239748,
        "sharpe": 0.9100620133467973
      },
      "improvements": {
        "optimized_vs_baseline": {
          "return": 48.04142057174992,
          "win_rate": -3.9620732795000535,
          "sharpe": -0.1268857113643237
        },
        "refined_vs_optimized": {
          "return": 0.0,
          "win_rate": 0.0,
          "sharpe": 0.0
        },
        "refined_vs_baseline": {
          "return": 48.04142057174992,
          "win_rate": -3.9620732795000535,
          "sharpe": -0.1268857113643237
        }
      }
    },
    "BTC-USD": {
      "baseline": {
        "return": 33.8566215143706,
        "win_rate": 52.41935483870967,
        "sharpe": 0.6709234213369244
      },
      "optimized": {
        "return": 22.241044936282485,
        "win_rate": 44.06779661016949,
        "sharpe": 0.4896270082854861
      },
      "refined": {
        "return": 22.241044936282485,
        "win_rate": 44.06779661016949,
        "sharpe": 0.4896270082854861
      },
      "improvements": {
        "optimized_vs_baseline": {
          "return": -11.615576578088117,
          "win_rate": -8.351558228540185,
          "sharpe": -0.1812964130514383
        },
        "refined_vs_optimized": {
          "return": 0.0,
          "win_rate": 0.0,
          "sharpe": 0.0
        },
        "refined_vs_baseline": {
          "return": -11.615576578088117,
          "win_rate": -8.351558228540185,
          "sharpe": -0.1812964130514383
        }
      }
    },
    "ETH-USD": {
      "baseline": {
        "return": 28.827045190180318,
        "win_rate": 49.39759036144578,
        "sharpe": 1.1161547818451594
      },
      "optimized": {
        "return": 5.877489969366696,
        "win_rate": 51.05820105820106,
        "sharpe": 0.7602017773174242
      },
      "refined": {
        "return": 5.877489969366696,
        "win_rate": 51.05820105820106,
        "sharpe": 0.7602017773174242
      },
      "improvements": {
        "optimized_vs_baseline": {
          "return": -22.94955522081362,
          "win_rate": 1.6606106967552776,
          "sharpe": -0.35595300452773515
        },
        "refined_vs_optimized": {
          "return": 0.0,
          "win_rate": 0.0,
          "sharpe": 0.0
        },
        "refined_vs_baseline": {
          "return": -22.94955522081362,
          "win_rate": 1.6606106967552776,
          "sharpe": -0.35595300452773515
        }
      }
    },
    "GOOGL": {
      "baseline": {
        "return": 43.10763645415246,
        "win_rate": 46.63023679417122,
        "sharpe": 1.0848755795895035
      },
      "optimized": {
        "return": 34.793474251804405,
        "win_rate": 45.51083591331269,
        "sharpe": 0.9167207591814192
      },
      "refined": {
        "return": 34.793474251804405,
        "win_rate": 45.51083591331269,
        "sharpe": 0.9167207591814192
      },
      "improvements": {
        "optimized_vs_baseline": {
          "return": -8.314162202348058,
          "win_rate": -1.119400880858528,
          "sharpe": -0.16815482040808438
        },
        "refined_vs_optimized": {
          "return": 0.0,
          "win_rate": 0.0,
          "sharpe": 0.0
        },
        "refined_vs_baseline": {
          "return": -8.314162202348058,
          "win_rate": -1.119400880858528,
          "sharpe": -0.16815482040808438
        }
      }
    },
    "META": {
      "baseline": {
        "return": 26.472554340441622,
        "win_rate": 44.93150684931507,
        "sharpe": 1.0735243622699222
      },
      "optimized": {
        "return": 9.999762336458444,
        "win_rate": 43.095238095238095,
        "sharpe": 0.8329064998269755
      },
      "refined": {
        "return": 9.999762336458444,
        "win_rate": 43.095238095238095,
        "sharpe": 0.8329064998269755
      },
      "improvements": {
        "optimized_vs_baseline": {
          "return": -16.47279200398318,
          "win_rate": -1.8362687540769755,
          "sharpe": -0.2406178624429467
        },
        "refined_vs_optimized": {
          "return": 0.0,
          "win_rate": 0.0,
          "sharpe": 0.0
        },
        "refined_vs_baseline": {
          "return": -16.47279200398318,
          "win_rate": -1.8362687540769755,
          "sharpe": -0.2406178624429467
        }
      }
    },
    "MSFT": {
      "baseline": {
        "return": 33.087036825045885,
        "win_rate": 46.972477064220186,
        "sharpe": 1.075588897244584
      },
      "optimized": {
        "return": 19.489874498350634,
        "win_rate": 44.342507645259936,
        "sharpe": 0.9185614315473242
      },
      "refined": {
        "return": 19.489874498350634,
        "win_rate": 44.342507645259936,
        "sharpe": 0.9185614315473242
      },
      "improvements": {
        "optimized_vs_baseline": {
          "return": -13.597162326695251,
          "win_rate": -2.6299694189602505,
          "sharpe": -0.15702746569725978
        },
        "refined_vs_optimized": {
          "return": 0.0,
          "win_rate": 0.0,
          "sharpe": 0.0
        },
        "refined_vs_baseline": {
          "return": -13.597162326695251,
          "win_rate": -2.6299694189602505,